identity_type,identity
"github_login","69a5926faad524228193b30edd3032fd"
"email","055fe469617cb75857a94209bdc7a0d6"
"email","e95656070c155e04acb1041127242ff2"
"github_login","2a5e3e55b26a96af3d0bad95869d8402"
"github_login","fb46eb9f0cbf7efd85b904311d578a79"
"email","245bf1e30793bd82fb7b3c21b1bd3256"
"email","6e78d9e0710933ca548747a14f19fb19"
"github_login","8947442c5f811690da3663a185e36985"
"email","89c81b5672b1e1fb9aef61edee070eaf"
"email","13966dfa720d85aa33ee06096dfb347d"
"email","bb33d668cd0cf44bb49af5f4a348d0de"
"email","c1d2a62275c4d2641803a4797bde4f37"
"email","4101feeabdb19f025d2ff5ea114ab89d"
"email","efc86e42cb61835771ecbee7a0e24532"
"github_login","0cc888b07b795b001a59c540bc78b8fa"
"email","5433c628fd8ae62bcc394cb43f8aacd0"
"email","1dec73bb994650cbe9eb0992885b4b2e"
"email","5facbf6c91eec66ffd9fbba907ff7b1b"
"email","577dc45b97571ad2c9f1c316c6c22b48"
"email","e3e35941f821ff8a3d836f6a2e068515"
"email","e1d94c35478380c3cf81c5f81f68c38e"
"github_login","e0913e6f347090cb5adf82fec54139e5"
"email","d314c05249927c20307aceef59889fc9"
"email","d51eb661a635e1184e1f9d784c926cab"
"email","abae56f3825d4f817db29b4af4702f4c"
"email","d4461a05a5a7acf2909246ca1d535eb7"
"github_login","a524699d97f151b47b8d2031294761a6"
"email","e5dc30897a66dd8149f28dc7cc192a02"
"github_login","5b384519d92d1564817d6214b1fc04cf"
"github_login","551cdf728cea70a17f45216a9c2cc9b4"
"email","dc820cd7a3d22e359ae69707050f9f4c"
"email","6528eec6d2982de72dd292c9130fb1ab"
"github_login","5f849db2ee203d01c46ce420e8e84c78"
"github_login","f8399823a3f5529df5a62d9b8f46b0ac"
"email","0f11f99380129eb9bc6b6df140e96889"
"github_login","21c7ac6392784447feb20c6294328aed"
"email","b8c3a53f33811368b4dd325a7033beab"
"github_login","c8b95744bf98ebcd579acb2373a3c1a5"
"github_login","a663d9bb8c6674199085df7185964a79"
"email","6b6d0a67e9abd9032466d3d7348a08d1"
"email","c5a15b29cbfd431dcd0833ea14b90e4a"
"email","e1dbfeca2d6d28ad4eb8ff5c88ea402a"
"email","a780c5bcd0af09aeb69f3290409d62c7"
"github_login","702111bf4f04bd00a92f4a19a0e83859"
"github_login","cd08d6518cf1641794aba68d68922f9c"
"github_login","80bdac5599330a1b1331136063fa2ecb"
"email","be09548e8063842aded0291dd19723de"
"github_login","184bc99123647218d1c8571fc0b6e200"
"github_login","84657c4740d858b5c80d231cf0ba2d85"
"email","47e7fe5e56fc07d085b53417d86242a0"
"email","d96ecdda3dfc036bf6bbd4aba97abb07"
"github_login","784595f4ca691df11b086b1f86044db3"
"email","1f4bbdaa14fa0342205f10f38d204e60"
"email","963fafe5e5a6918d8d7111e020aa9d54"
"email","1ea638914bea19554c0d543076df09ec"
"email","44157dfe46e43fc8fca4a3b50e473842"
"email","c9f1a4efd2a8d0e50596afdabb045f7a"
"email","d6cf844d23e352e2f0d7ebb4ca375e0a"
"github_login","98e918f6efe8c875c84940dcdffa73db"
"email","327fdc44d641bb4a9c94dc09f348614f"
"github_login","026fb7218020bcde714fc729a63f9938"
"email","8326f24e5d5a5586dcddbc8dc98aff1c"
"email","fb429aa8ff58cba91c60aa4afa9ffb11"
"github_login","dfcb4ac355c9a996d8d943b8b9f313f1"
"email","11e4ab089661eea5da6a093661849d4d"
"email","b0d9d85628aefbe99b5ee0820f09310e"
"github_login","7650c498ccb361ed2665d0f3b09c4b28"
"github_login","d94f2bccc13561a21c5760035d0958da"
"email","77824c0f7dc02b80d8489a68c5d5ce44"
"email","6b278f4c30eb66e7e99948d34959216c"
"github_login","3711459f09fd408ea8f6a81a8c8cf7de"
"github_login","1bb856be04c21d7726e4fa5cc3ab2e5d"
"email","ce12ae12c9ed588dc37270ca209c7523"
"email","d2420543d02b75fc999cad41ecb142dc"
"email","8e93cded6d4d1d6ef2a85f86027c21fc"
"email","4a772d6f0ec045846c37a89caea517b4"
"github_login","b9569739a95c88b8fd4d13519a760462"
"github_login","29bfdb2e4ebbca63e1c42a1730458395"
"email","ae8ce4c9f127367a078ff121f96a201d"
"email","c49881868ed69f1c2b6e94495ae85a8a"
"email","dcff57d9240c972a2182b8024b1413eb"
"email","0c040d202b7e0d1187fe479381fad080"
"email","f1b2a9c7695d5818e2c29b2f8cc6806e"
"email","9fa9df4cf1424f583fae8746e60639f6"
"github_login","fda4871e4381c8f1e326c94add944a55"
"email","f53672f8b59fcc4228c1b8af65ba3505"
"email","28000161fd33bb2ef275d17ec6592c1e"
"email","f0108a16c56983e1bb39e7b7d7b74d57"
"email","4996c37ba9b81da003b68cb6b9453938"
"github_login","32144bda73ea67f83461f1b6ce68b933"
"github_login","8299420363c2cabac64d8e0ba3a73cff"
"email","f627bc9944d4b07c3c7e16e741cd1137"
"email","bd2893e7b8b1140fba71da316580c8e5"
"email","a3db2b06ef52249241092ba5084ac1bd"
"email","f7569c07692d2fa030b137faa4408e42"
"email","21c84d4ddd39ebc3aae076c25fe599e1"
"github_login","1baa7055e13982614902963ccc604780"
"github_login","836483acbac2855eb437937b6bc4c130"
"email","cf4c4edab736b23e16fb01997d41605e"
"github_login","d3addfd8d7d04a1bf34361d209dc5782"
"email","b25d8056426cd648335c5b1472514794"
"github_login","813f27f7af736992e801577b930f4bc1"
"email","e116049d46c8286ac2d2b46451cdcead"
"email","468f2f5b46722621c4875ec298c470c0"
"github_login","ed0b1ca4b8878597e86d3297a4ce4721"
"email","983f28010b1638dd021fac24c0d209f2"
"email","fc11bb43ba796edfbd1bdb0118f0c849"
"email","a3b804817fb4001085e3b6b5d1bfc5b4"
"email","f39d82322723b1543e2dc9a53df59a14"
"github_login","7647cb6419a161a1646d6e4390228d8c"
"github_login","ed0d6932673f5c3a7631c407eca24615"
"email","7d5d49a42a38c5f7a654fd729a3db112"
"github_login","bb59c82f12b7d88d43339eaaadddc943"
"email","a31ef25ba9b97cd3390c860b6f00fe59"
"github_login","59953e033807236b40bbb1415a080e06"
"email","e355def52a68bb948bca2126c01672fe"
"github_login","3827b35828793b328c974cab3221f377"
"github_login","00d547e1f06c6e35b22eae9d4e94e5fc"
"github_login","0ff44605094c6c5b73dc3a974b49be49"
"github_login","4b42f74289ca27d0b9093c918a52cc3d"
"email","5b8c3d9ac44363ca1cc5f724d83937be"
"email","4a839e6dd6f349d81b1cad7af8071c0b"
"email","69771eb5d2fdeab59a87e73cb44a2cfd"
"email","e44ae00b9c5341a8e2f4f3fba67ba9a7"
"email","ab8b742f4e27d3c915dc41f96dd96b60"
"github_login","f6452393290ba1c34408f0bc4662460e"
"email","e2301fb2348aeacfcde507fdfeea20d4"
"email","a9ebb79a68e5ed729f12731b7bdf13ea"
"github_login","393ebb4bf5e3abd709e39df7e7549a1a"
"github_login","a03350f117aee8be363a63b5afee5e30"
"github_login","f26b35121f30014e28ae1b912fec9afc"
"email","ae350de8cbbb34324d7c83bf528266c7"
"github_login","8fbb33bda591b05a59f4d95706d95cc6"
"email","5dab3f14089365a3317539eb62e2004f"
"github_login","439f30f2d4cd9526939ed2b61d02134b"
"email","98d354158f1772bae168f0b14de0366f"
"email","42811ae0f63013c2af774b5d402f61f3"
"github_login","44b5be9aeb8ea54669d7871d3021d6d8"
"github_login","e9f65dadeddb0e50f597c979aa5ae409"
"github_login","3b15e34c5bf18773899d62abad27899a"
"github_login","e06913d1df2dfd83f8d98f3be090602a"
"email","e081d6b0a029ee4ce59cf962d11c35bd"
"github_login","96ea9ff9f9e6d5e96e0f1bc76dbe35b1"
"github_login","ff31a164f79bb6dcef1b7d692febb83b"
"github_login","079384bd6dae2fb164b3cc5f4965d538"
"github_login","00c69ebd5a97ca3b2208c32ef4710623"
"github_login","c4819621717c2c0fb858487b7ec67acc"
"github_login","7b288c1632a6b05e68fc410beaa2caee"
"github_login","876d416a6a829a540c1632973329df39"
"github_login","69d36dd4ead1f97fce312e7081d02e61"
"email","3ccebacc5e99b69c55d1cdb5112dc1a4"
"github_login","a398d52def4f18a1053f143ea8eaa67d"
"github_login","9da13e7fee268d9891e602ca1062a06d"
"github_login","799cef29c2a9cb1768a62aa7f4f87cd8"
"github_login","8ef1c6fe2d7f5d946c57de4289e7ce92"
"github_login","08745031e9344312ddd6fc13df4d6ca2"
"github_login","56a8fc855d35b5832a67ec3843d9f401"
"github_login","1a6af2cadefc9feeebbe67201983651e"
"github_login","a0b869f07b357273e261b7c34e2bd800"
"github_login","7ec2d151688dc60801e7e2de2255687c"
"github_login","93d8dae820d20b41f993bbd48e22f759"
"github_login","5442e937c167e1e33428667ee5eb5af6"
"github_login","9ff8f81a31a9acc40a22a70f59987cef"
"github_login","10718dd2105c320b9d6b1a9b99c32d29"
"github_login","bb9b7abb3e0ff7bc0662c992b227a750"
"github_login","0c26c5b17ed14657c7ee6c8a6f6c87a5"
"github_login","76613d730ac4292a64c22c8488542ffb"
"github_login","f62821c63d2d7b58144a264a18432484"
"github_login","061f8621c5d36398adaa90412573f901"
"github_login","b2453cd66a264df991f49fcb98a70b0e"
"github_login","1031c3bc4eb7ced2899e4094bb1418a2"
"github_login","702c03bdc18b5d27e8f62cbccb348f4c"
"github_login","b9636da29d76c35f7f0a18d6d5c1e639"
"github_login","ebd10c29225c4f7e0e9aa836cb04060b"
"github_login","ac92f779124fa221a17881e7ad5dbc0f"
"github_login","7d124a2fda66917c0150a81c02ceaad2"
"github_login","1cd0be4cef712b6276c2f998a895ce32"
"github_login","f88edf3193119c51e9235fafdbd41d2e"
"github_login","21b48b2174c1e0fb0beaaf700d7dfe4b"
"github_login","d655ec9fcef1cb3c71c1e840a8ad3e9d"
"github_login","55bc8000f14448656fe20afc186485e2"
"github_login","90dcb24b3e76b756105a7924e0a1111e"
"github_login","fc020faf5a854abe28afcb20de5650b1"
"github_login","793e2e871ff02ac535af4cfb74ac0c68"
"github_login","8a896ac79d40ffa7c83fe3d923a9c2bf"
"github_login","e296e37498819640530b48d6f5dadbdf"
"github_login","51666ba969b1060d640f5bfd24041b5a"
"github_login","cc15443ca92117677c4e88d61bd1a3e0"
"email","2873ec1ef2c75581263e308b5d990faa"
"github_login","47b813d94cec47bef5b4d009084d4910"
"github_login","fe830fe80034fdfebc34c054bec8ebc0"
"github_login","dcd751bb2ee0b105ce2043f01ea9605a"
"github_login","db09efb63c29d60d3748cc7dcc89b8e7"
"github_login","c3cadd5a610cbfe8279d3b057f464306"
"github_login","62c4d6478f8115f711614d37ad590a5b"
"github_login","cb016cacf872764dae61c95a9995e2d3"
"email","eab28e9cd2dc62961814f964fc03d889"
"github_login","8e0338e09d9cec4bc35f1da3f35664b7"
"email","7245f984cb21f2f770aa8196ccc61240"
"email","66c8706ca698587bd9afd936b4ac5c20"
"email","6d0d68b2be738af98f9c24429f679e5c"
"email","b3e428bb9ab505075005115ea30a5f06"
"email","d590fee53eaf378d78abc58b4819dd18"
"email","d5e695869b576d279cfb63573c877909"
"email","ed3aeddb7d6737c49b2549a56f510722"
"email","32d2d9888e20690c58001fa8d93b9c9d"
"email","11437c9819c35fa0147b7f70286a0e55"
"email","c27dd0e414228492a32ed68569918500"
"email","35d6e11a1e06cfbaa1ef338161febf5d"
"email","b347a884f12db804bfa04332e05549a6"
"email","061cd5f3eb67e61d934f7335fa77626f"
"email","1b3883684e10866b684f278c9e67602a"
"email","76ee0ef6868493beb60f175591399897"
"github_login","b2c4f0187d42c9e29046e3d48955b1f8"
"email","cae1a449c3463b98c02e70177f01d112"
"email","18e3f8019456b8e267eb48c218f2558b"
"email","af37da418ce6108b5959a9e6151b7595"
"email","d5cbfe560a2d8aba4c664995097f0181"
"email","cae084efb9e6b2c0fd26ee51a84364d6"
"github_login","3b4e9b88d31042a5b5b0bdb3275ea60d"
"email","335615c6be6ae785265444efb35cd991"
"email","bcdeb31956d33d739dc5e44af7d7dc54"
"email","a82ac1d2d3569c3eb33c79265bbca138"
"email","af43f6ca786a910c0b6a34546dac4364"
"email","3926394f854d222117b29b8fa34963c9"
"github_login","b5e99c79b73e49d3cdb591d73780143e"
"email","750b696ba8ec872521bde0d8aaf5df06"
"email","004b38c9da043bfb79ca8185731cd65e"
"github_login","1f81365c30a51c246fece7c240359e97"
"email","ab7ec08389cf2a6a0cea521158caf715"
"email","ad5b63789c3e5fa151557e81e0744444"
"email","f5eacb2912545790908d727fb8ca6c29"
"github_login","89c0fa832cb10aa709946a9a2cb61cb1"
"gitlab_login","b2a5652e01e35cebffe1779635a7c5f5"
"email","e67ba1dac3ea71845ad158f68a7c7c23"
"email","4cc748f4f05ba8950de83559e51904c6"
"email","c2aabc88238cc2689f9bba2d0ad038de"
"email","b8e7092a1814c9fb864f22fec943ca76"
"email","6bd7d5c8b53fc77b3df76ce7dc59e51b"
"email","a1b62a1f32abda5a8f0f846e94e4e3b1"
"email","24704c1b9dcba154d0d36c35988d866c"
"email","bf44c6a7b352baef3007c501e0cccbb7"
"email","ac161a7f50b104f9a84f3020b7722aab"
"email","44dfb8f5f66142ea2c6c6efbd616cc6d"
"email","4e9f7a47b7f93bc6bb9a9875746a526c"
"email","532f8dd4c936460a4317b6bac93dfc9e"
"email","466d98a60815e5daf254f82659ee19ab"
"email","8cc84ec1732ad7c755ed2b9c36b79797"
"email","779341304765a7ad6c491c30b73a9836"
"email","3c33837865bae56fab41371e525ca7f0"
"email","58c0a51fd5e6b3eabbdc5fd5bbec63ae"
"email","f86d01c7996b1268c3e597ae29bebbf6"
"email","2264b0dccf4dc1767a3558f5898f2cd6"
"email","b8b394acf22efa0e8ee1ea0129f9e43e"
"email","8379aca3f14ecc7a2c4719b38b9ac1d0"
"email","606d1b3f9ace2b5dfe6080793ef07d57"
"email","bc81d7545a0d1a406a92a1364e468ccf"
"email","5aa1d32a1760add074c0ac6d54859f22"
"email","c009875cb1f9e40bf649e5bbad2157cb"
"email","cbbaf0296b6921a2229962f6d2b11500"
"email","600ec4e9bab673d211f587f32825bce0"
"email","a96a8ed394d3cd05bc51f5d46749104e"
"email","25cf047a73cbc078cd1f1a6e85375939"
"email","60aebe26e40bbeb721d97df5473ebed8"
"email","0519fe413925f350f5fdf9f50355bb5b"
"email","c0184c93b4d3dc307cbb1bee9bd3d5fb"
"email","ebfef4c7c54dcafb8863902c4e3182b0"
"email","095a88b43412a6936c161ff4a04f3356"
"github_login","a5ae4e6a1db515a10dd1781864befa95"
"email","e2280511c4bb80658225a641546dae48"
"email","13ac9c46d0b3421b33ef1b65f78d19a1"
"email","137c3e2c10a511f2ac9c3583c2c57c3a"
"email","61d48cb816f840212e078c80ed5784fe"
"email","c9f4264edce2c3ea7a3d4bb1706bcb36"
"email","b9d95dfbb1abedcc0a4dfb3d433f5c47"
"email","02e246793a3982e0ee5f3fbc6c0d48ff"
"email","3572b75131afd12c683ba668a43164c9"
"email","fc981d5c45f4b1bde831b24faa75ae6d"
"email","f71f0c2299e1cf9c0b889b8f884b956e"
"email","1742dfaf7110410f5997b4ede0e7cb20"
"email","9eabf49d55eb877c004223bc6a91472f"
"email","79b1323bd51ad569465ab14fcc9b96cc"
"email","3e557b1541099e869509a95037e80067"
"email","7dc27a5a3919da19a37c68c83877f22d"
"email","ef125300a5a067e65e7c5836ea50d1e5"
"email","8b823b9a95cafe2538f76024f110ad47"
"email","c52aad51500a414826da212f8e9eb5eb"
"email","37d41071102c8f876c11bf6e549bb980"
"email","a2bdccbc5b15ac219368eaad18a22825"
"email","8c5e7ecf1445f356a23cdfdf40e788a0"
"email","1f55c5351c0cb463e3db608cdfec22f8"
"email","7f68995f477b2ed67e8de8aedc94784b"
"github_login","f5f040524e0a31e0c55883b19cedf52e"
"email","9dc920282a0d0b459c7b0d9c15a211f6"
"email","c418c646bee4797877b9e93787dd0311"
"email","8198d27720689a48751e130ea9e4ee79"
"email","f3ac7709c45b260e06dc67d4ca4b28eb"
"github_login","b60d6c6a9a2f607693884cf49c9192a7"
"email","95f7541759b9bba723c7b4240aca047f"
"email","15c6ce74cbb8770b37a790f3566e773f"
"email","5e3390155f31fd246f2b5e1917930795"
"email","e022ccbf9efe30881653a26477999594"
"email","d575a2bbb5f36c1a8f624ada889de0b4"
"email","5fa0c755672e07297ccbb8038b14f3e8"
